{"place":[257,789,93,418,666,826,231,506,550,207,586,486,412,758],"factor":[0.9999291667668093,0.9999337457796981,0.9998618838664679,0.9999168965649361,0.9999219189483673,0.9999279556964097,0.9999234240704379,0.9999262577896301,0.9999462301738332,0.9999220416881794,0.999938895110192,0.9999440195022513,0.9999410569845172,0.9999473463335498]}